id,name,model_id:id,group_id:id,perm_read,perm_write,perm_create,perm_unlink
access_transaksi_transaction_user,transaksi.transaction.user,model_transaksi_transaction,group_transaksi_user,1,1,1,1
access_transaksi_transaction_finance,transaksi.transaction.finance,model_transaksi_transaction,group_transaksi_finance,1,1,1,1
access_transaksi_transaction_approver,transaksi.transaction.approver,model_transaksi_transaction,group_transaksi_approver,1,1,1,1
access_transaksi_transaction_admin,transaksi.transaction.admin,model_transaksi_transaction,base.group_system,1,1,1,1
access_transaksi_transaction_line_user,transaksi.transaction.line.user,model_transaksi_transaction_line,group_transaksi_user,1,1,1,1
access_transaksi_transaction_line_finance,transaksi.transaction.line.finance,model_transaksi_transaction_line,group_transaksi_finance,1,1,1,1
access_transaksi_transaction_line_approver,transaksi.transaction.line.approver,model_transaksi_transaction_line,group_transaksi_approver,1,1,1,1
access_transaksi_transaction_line_admin,transaksi.transaction.line.admin,model_transaksi_transaction_line,base.group_system,1,1,1,1
access_transaksi_reject_wizard_user,transaksi.reject.wizard.user,model_transaksi_reject_wizard,base.group_user,1,1,1,1
